id;name;description;map_host;layer_type;title;attribution;workspace;opacity;baselayer;tiled;gwc_actived;active;enabled;created;updated
1;multi-byte PCI;Creative South Carolina unleash;Costa Rica Rustic Wooden Shoes;WMS;Legacy Home Loan Account;Serbian Dinar;South Georgia and the South Sandwich Islands budgetary management;42271;true;false;false;false;true;2020-06-29T12:04:34;2020-06-29T10:27:28
2;Developer;program;Small Concrete Bike sexy;WMS;Georgia;connect Fantastic Wooden Mouse;maroon;38522;false;true;false;false;false;2020-06-30T02:08:40;2020-06-29T09:24:22
3;one-to-one;Savings Account application Music;Rubber Assistant Licensed Wooden Soap;WMS;Awesome Concrete Towels Cambridgeshire;Jewelery synthesizing;Assimilated;28729;false;false;true;true;true;2020-06-30T01:48:54;2020-06-29T06:54:25
4;empowering;calculating Rand Loti Nebraska;Plastic Nebraska Egypt;WMS;PNG Baby virtual;AI Manager withdrawal;circuit;22186;false;true;true;false;false;2020-06-29T17:55:28;2020-06-29T19:47:11
5;Balanced iterate;local;Borders back-end copying;WMS;Ports SSL;program front-end enterprise;solid state Bedfordshire;20149;false;true;false;false;false;2020-06-29T04:49:01;2020-06-30T01:33:01
6;Infrastructure;Saint Martin pixel;Nevada;WMS;Street;Markets Concrete;morph Intelligent cultivate;99394;true;false;false;false;true;2020-06-29T20:23:31;2020-06-30T02:58:46
7;evolve;Personal Loan Account;Identity;WMS;Buckinghamshire Fantastic;Cook Islands Azerbaijanian Manat utilize;lavender Fantastic Cotton Chicken Credit Card Account;87759;true;false;false;false;false;2020-06-30T00:36:34;2020-06-29T06:46:59
8;harness e-services;withdrawal systemic Right-sized;Berkshire Connecticut;WMS;frictionless payment;SSL Mobility;Vatu;63575;false;true;true;true;true;2020-06-29T10:29:45;2020-06-30T00:36:24
9;multi-byte Andorra mindshare;National success;empowering backing up background;WMS;back-end Future;Portugal bypassing task-force;synergize Berkshire Producer;39973;true;true;false;true;true;2020-06-29T11:35:40;2020-06-29T15:05:57
10;Australia;ivory Beauty;back up;WMS;Ball;Rustic;teal;31472;true;true;true;false;false;2020-06-29T11:17:53;2020-06-29T06:34:44
