id;name;descricao;email;senha;cnpj;cpf;cep;endereco;numero;bairro;cidade;estado;telefone;fax;celular;detalhe;bloqueado;complemento;nao_pode_excluir;ultimo_acesso;senha_firebase;created;updated
1;Buckinghamshire Internal;SDD multimedia Soft;Olga12@gmail.com;Credit Card Account;primary Fish maroon;connecting Leone Pat;FTP Ohio ;Buckinghamshire COM;8734;Handmade;Bedfordshire user-centric;Wo;indigo Forward open-;Solutions;capacitor Facilitato;Handcrafted Rubber Pants Fantastic Concrete Towels;true;real-time empower;false;2020-07-07T05:48:18;azure;2020-07-07T05:40:48;2020-07-07T11:30:30
2;interactive;secured line;Juston_Monahan17@yahoo.com;Research;Gloves virtual payment;radical Sleek Concre;impactful;Open-source transmitter Oklahoma;8377;Division Investment Account;reciprocal;Mo;Executive CSS;Avon bypassing US Do;invoice;salmon;true;Equatorial Guinea;true;2020-07-07T23:05:00;Checking Account Avon Sleek;2020-07-07T04:47:44;2020-07-07T12:22:42
3;customized;payment extend Ways;Lora.Bartoletti@yahoo.com;enterprise input Games;Won;withdrawal;primary;Meadow XML;59261;Hat;web-readiness transmit e-services;ne;THX;input Virginia Assim;XSS;parsing Jersey;false;scalable systemic;true;2020-07-07T11:29:48;Nevada Borders Palestinian Territory;2020-07-07T18:03:06;2020-07-07T03:05:26
4;disintermediate markets;Credit Card Account moratorium Row;Darryl7@yahoo.com;global;distributed;SDD Factors;Table;Health;62686;Sports Re-contextualized innovate;Books Fiji;ta;technologies Incredi;European Monetary Un;3rd generation actio;expedite withdrawal;false;invoice Fantastic;true;2020-07-07T22:52:10;hacking;2020-07-07T15:22:33;2020-07-07T11:21:53
5;Berkshire function;Fantastic Refined leading-edge;Talon.Walter82@gmail.com;Representative Cheese;Practical Fresh Computer ;Forward Chicken Lari;content r;e-tailers implementation Oval;82985;productize;Consultant azure utilize;co;Row rich Central Afr;synthesizing Savings;TCP;Practical Granite Sausages Roads;false;incubate;true;2020-07-07T08:44:09;payment sticky Rustic Soft Towels;2020-07-07T10:33:15;2020-07-07T09:25:49
6;Flat;invoice Florida;Diego71@hotmail.com;Afghani Open-architected deposit;Creative Fantastic;invoice;TCP;portals encryption;79442;Avon;Bacon Liaison;Gr;Chicken;Pass Oklahoma Granit;withdrawal Intellige;Kansas;true;Shoes;true;2020-07-07T21:29:01;Balanced;2020-07-07T00:39:17;2020-07-07T17:51:34
7;panel;Brunei Dollar purple overriding;Patsy_White@hotmail.com;bleeding-edge Fantastic Metal Shoes prog;Unbranded Maryland;Practical Metal Keyb;Checking ;Uruguay Awesome Steel Chicken;20645;card Chips;JSON Intelligent Soft Shoes;as;Planner rich Tokelau;Tugrik;hard drive;sensor Personal Loan Account;true;Mews Small Steel Soap 4th generation;true;2020-07-07T22:44:24;generating;2020-07-07T10:18:57;2020-07-07T08:34:43
8;Uganda Shilling multi-tasking Pizza;open-source Small;Clementine.Wilkinson93@hotmail.com;e-business;copy;system Coordinator;Bedfordsh;Intelligent multi-state Avon;49576;Cambridgeshire Future;Iceland Krona;ri;Rubber;Montserrat Steel;open architecture Gu;Money Market Account Maine systems;true;sensor;true;2020-07-07T00:51:48;Assistant Program Chicken;2020-07-07T15:19:03;2020-07-07T07:42:18
9;Awesome Wooden Keyboard Kwanza;port SMTP Incredible;Oscar.Dibbert31@hotmail.com;driver 24/365 Tasty;Identity mobile;;Operation;facilitate South Carolina upward-trending;66652;online Mobility Program;internet solution expedite;Me;Pine Personal Loan A;Principal instructio;Ball;Metal deposit program;true;SQL Leone redefine;false;2020-07-07T14:39:26;panel;2020-07-07T14:11:31;2020-07-07T04:42:40
10;blue impactful concept;Buckinghamshire alarm;Donald76@yahoo.com;Botswana;TCP optical online;synthesize;Multi-lat;homogeneous Wyoming Avon;9709;Rubber;Steel Games microchip;Au;Michigan;Awesome;Haiti reinvent best-;calculating silver;true;application override synthesize;true;2020-07-07T02:29:13;Extended Savings Account;2020-07-07T15:46:35;2020-07-07T00:43:32
